{
  "protocol": "meshfleet_distribution_profile_v1",
  "data_root": "D:\\VsCode\\MVG\\Base\\MeshFleet_TRELLIS",
  "objects": 1,
  "splits": {
    "test": 1
  },
  "numeric": {
    "feature_indices_count": {
      "n": 1,
      "mean": 7996.0,
      "std": 0.0,
      "min": 7996.0,
      "p10": 7996.0,
      "median": 7996.0,
      "p90": 7996.0,
      "max": 7996.0
    },
    "feature_indices_mean": {
      "n": 1,
      "mean": 30.936634984158747,
      "std": 0.0,
      "min": 30.936634984158747,
      "p10": 30.936634984158747,
      "median": 30.936634984158747,
      "p90": 30.936634984158747,
      "max": 30.936634984158747
    },
    "feature_indices_std": {
      "n": 1,
      "mean": 11.771328966680764,
      "std": 0.0,
      "min": 11.771328966680764,
      "p10": 11.771328966680764,
      "median": 11.771328966680764,
      "p90": 11.771328966680764,
      "max": 11.771328966680764
    },
    "feature_patchtokens_count": {
      "n": 1,
      "mean": 7996.0,
      "std": 0.0,
      "min": 7996.0,
      "p10": 7996.0,
      "median": 7996.0,
      "p90": 7996.0,
      "max": 7996.0
    },
    "feature_patchtokens_mean": {
      "n": 1,
      "mean": -0.014803365525372331,
      "std": 0.0,
      "min": -0.014803365525372331,
      "p10": -0.014803365525372331,
      "median": -0.014803365525372331,
      "p90": -0.014803365525372331,
      "max": -0.014803365525372331
    },
    "feature_patchtokens_std": {
      "n": 1,
      "mean": 5.264677506237731,
      "std": 0.0,
      "min": 5.264677506237731,
      "p10": 5.264677506237731,
      "median": 5.264677506237731,
      "p90": 5.264677506237731,
      "max": 5.264677506237731
    },
    "renders_azimuth_coverage_deg": {
      "n": 1,
      "mean": 357.1874978629923,
      "std": 0.0,
      "min": 357.1874978629923,
      "p10": 357.1874978629923,
      "median": 357.1874978629923,
      "p90": 357.1874978629923,
      "max": 357.1874978629923
    },
    "renders_camera_radius_mean": {
      "n": 1,
      "mean": 1.9999999993915227,
      "std": 0.0,
      "min": 1.9999999993915227,
      "p10": 1.9999999993915227,
      "median": 1.9999999993915227,
      "p90": 1.9999999993915227,
      "max": 1.9999999993915227
    },
    "renders_camera_radius_std": {
      "n": 1,
      "mean": 3.2482184459295355e-08,
      "std": 0.0,
      "min": 3.2482184459295355e-08,
      "p10": 3.2482184459295355e-08,
      "median": 3.2482184459295355e-08,
      "p90": 3.2482184459295355e-08,
      "max": 3.2482184459295355e-08
    },
    "renders_cond_azimuth_coverage_deg": {
      "n": 1,
      "mean": 0.0,
      "std": 0.0,
      "min": 0.0,
      "p10": 0.0,
      "median": 0.0,
      "p90": 0.0,
      "max": 0.0
    },
    "renders_cond_camera_radius_mean": {
      "n": 1,
      "mean": 3.876255572752803,
      "std": 0.0,
      "min": 3.876255572752803,
      "p10": 3.876255572752803,
      "median": 3.876255572752803,
      "p90": 3.876255572752803,
      "max": 3.876255572752803
    },
    "renders_cond_camera_radius_std": {
      "n": 1,
      "mean": 0.0,
      "std": 0.0,
      "min": 0.0,
      "p10": 0.0,
      "median": 0.0,
      "p90": 0.0,
      "max": 0.0
    },
    "renders_cond_elevation_max_deg": {
      "n": 1,
      "mean": -15.43201084304027,
      "std": 0.0,
      "min": -15.43201084304027,
      "p10": -15.43201084304027,
      "median": -15.43201084304027,
      "p90": -15.43201084304027,
      "max": -15.43201084304027
    },
    "renders_cond_elevation_min_deg": {
      "n": 1,
      "mean": -15.43201084304027,
      "std": 0.0,
      "min": -15.43201084304027,
      "p10": -15.43201084304027,
      "median": -15.43201084304027,
      "p90": -15.43201084304027,
      "max": -15.43201084304027
    },
    "renders_cond_foreground_fraction": {
      "n": 1,
      "mean": 0.08500385284423828,
      "std": 0.0,
      "min": 0.08500385284423828,
      "p10": 0.08500385284423828,
      "median": 0.08500385284423828,
      "p90": 0.08500385284423828,
      "max": 0.08500385284423828
    },
    "renders_cond_height": {
      "n": 1,
      "mean": 1024.0,
      "std": 0.0,
      "min": 1024.0,
      "p10": 1024.0,
      "median": 1024.0,
      "p90": 1024.0,
      "max": 1024.0
    },
    "renders_cond_views": {
      "n": 1,
      "mean": 1.0,
      "std": 0.0,
      "min": 1.0,
      "p10": 1.0,
      "median": 1.0,
      "p90": 1.0,
      "max": 1.0
    },
    "renders_cond_width": {
      "n": 1,
      "mean": 1024.0,
      "std": 0.0,
      "min": 1024.0,
      "p10": 1024.0,
      "median": 1024.0,
      "p90": 1024.0,
      "max": 1024.0
    },
    "renders_elevation_max_deg": {
      "n": 1,
      "mean": 84.42485876316101,
      "std": 0.0,
      "min": 84.42485876316101,
      "p10": 84.42485876316101,
      "median": 84.42485876316101,
      "p90": 84.42485876316101,
      "max": 84.42485876316101
    },
    "renders_elevation_min_deg": {
      "n": 1,
      "mean": -80.94015236238405,
      "std": 0.0,
      "min": -80.94015236238405,
      "p10": -80.94015236238405,
      "median": -80.94015236238405,
      "p90": -80.94015236238405,
      "max": -80.94015236238405
    },
    "renders_eval_70_azimuth_coverage_deg": {
      "n": 1,
      "mean": 329.9999985742425,
      "std": 0.0,
      "min": 329.9999985742425,
      "p10": 329.9999985742425,
      "median": 329.9999985742425,
      "p90": 329.9999985742425,
      "max": 329.9999985742425
    },
    "renders_eval_70_camera_radius_mean": {
      "n": 1,
      "mean": 6.142075480566533,
      "std": 0.0,
      "min": 6.142075480566533,
      "p10": 6.142075480566533,
      "median": 6.142075480566533,
      "p90": 6.142075480566533,
      "max": 6.142075480566533
    },
    "renders_eval_70_camera_radius_std": {
      "n": 1,
      "mean": 0.8305480529340399,
      "std": 0.0,
      "min": 0.8305480529340399,
      "p10": 0.8305480529340399,
      "median": 0.8305480529340399,
      "p90": 0.8305480529340399,
      "max": 0.8305480529340399
    },
    "renders_eval_70_elevation_max_deg": {
      "n": 1,
      "mean": 20.000001095162457,
      "std": 0.0,
      "min": 20.000001095162457,
      "p10": 20.000001095162457,
      "median": 20.000001095162457,
      "p90": 20.000001095162457,
      "max": 20.000001095162457
    },
    "renders_eval_70_elevation_min_deg": {
      "n": 1,
      "mean": 19.999998770215495,
      "std": 0.0,
      "min": 19.999998770215495,
      "p10": 19.999998770215495,
      "median": 19.999998770215495,
      "p90": 19.999998770215495,
      "max": 19.999998770215495
    },
    "renders_eval_70_foreground_fraction": {
      "n": 1,
      "mean": 0.08897995948791504,
      "std": 0.0,
      "min": 0.08897995948791504,
      "p10": 0.08897995948791504,
      "median": 0.08897995948791504,
      "p90": 0.08897995948791504,
      "max": 0.08897995948791504
    },
    "renders_eval_70_height": {
      "n": 1,
      "mean": 1024.0,
      "std": 0.0,
      "min": 1024.0,
      "p10": 1024.0,
      "median": 1024.0,
      "p90": 1024.0,
      "max": 1024.0
    },
    "renders_eval_70_views": {
      "n": 1,
      "mean": 12.0,
      "std": 0.0,
      "min": 12.0,
      "p10": 12.0,
      "median": 12.0,
      "p90": 12.0,
      "max": 12.0
    },
    "renders_eval_70_width": {
      "n": 1,
      "mean": 1024.0,
      "std": 0.0,
      "min": 1024.0,
      "p10": 1024.0,
      "median": 1024.0,
      "p90": 1024.0,
      "max": 1024.0
    },
    "renders_eval_90_azimuth_coverage_deg": {
      "n": 1,
      "mean": 329.9999989855255,
      "std": 0.0,
      "min": 329.9999989855255,
      "p10": 329.9999989855255,
      "median": 329.9999989855255,
      "p90": 329.9999989855255,
      "max": 329.9999989855255
    },
    "renders_eval_90_camera_radius_mean": {
      "n": 1,
      "mean": 1.4999999693324477,
      "std": 0.0,
      "min": 1.4999999693324477,
      "p10": 1.4999999693324477,
      "median": 1.4999999693324477,
      "p90": 1.4999999693324477,
      "max": 1.4999999693324477
    },